{
	"format_version": "1.8.0",
	"animations": {
		"animation.biterwyrm.idle": {
			"loop": true,
			"animation_length": 8,
			"bones": {
				"Head": {
					"rotation": {
						"0.0": [0, 0, 0],
						"2.0": [-1.3378, -14.94159, 5.17544],
						"4.0": [-10, 0, 0],
						"6.0": [-2.00307, 14.8687, -7.7614],
						"8.0": [0, 0, 0]
					}
				},
				"Beak1": {
					"rotation": {
						"0.0": [0, 0, 0],
						"1.0": [-5, 0, 0],
						"2.0": [0, 0, 0],
						"3.0": [-5, 0, 0],
						"4.0": [0, 0, 0],
						"5.0": [-5, 0, 0],
						"6.0": [0, 0, 0],
						"7.0": [-5, 0, 0],
						"8.0": [0, 0, 0]
					}
				},
				"Beak2": {
					"rotation": {
						"0.0": [0, 0, 0],
						"1.0": [-5, 0, 0],
						"2.0": [0, 0, 0],
						"3.0": [-5, 0, 0],
						"4.0": [0, 0, 0],
						"5.0": [-5, 0, 0],
						"6.0": [0, 0, 0],
						"7.0": [-5, 0, 0],
						"8.0": [0, 0, 0]
					}
				},
				"Beak3": {
					"rotation": {
						"0.0": [0, 0, 0],
						"1.0": [-5, 0, 0],
						"2.0": [0, 0, 0],
						"3.0": [-5, 0, 0],
						"4.0": [0, 0, 0],
						"5.0": [-5, 0, 0],
						"6.0": [0, 0, 0],
						"7.0": [-5, 0, 0],
						"8.0": [0, 0, 0]
					}
				},
				"Body": {
					"rotation": {
						"0.0": [0, 0, 0],
						"4.125": [-2.5, 0, 0],
						"8.0": [0, 0, 0]
					},
					"position": {
						"0.0": [0, 0, 0],
						"4.0": [0, -1, 0],
						"8.0": [0, 0, 0]
					}
				},
				"Seg2": {
					"rotation": {
						"0.0": [0, 0, 0],
						"2.0833": [0, 2.5, 0],
						"6.0": [0, -2.5, 0],
						"8.0": [0, 0, 0]
					}
				},
				"Seg3": {
					"rotation": {
						"0.0": [0, 0, 0],
						"2.0833": [0, 2.5, 0],
						"6.0": [0, -2.5, 0],
						"8.0": [0, 0, 0]
					}
				}
			}
		},
		"animation.biterwyrm.move": {
			"loop": true,
			"animation_length": 0.25,
			"bones": {
				"Seg1": {
					"rotation": {
						"0.0": [0, 0, 0],
						"0.125": [7.5, 0, 0],
						"0.25": [0, 0, 0]
					}
				},
				"Seg2": {
					"rotation": {
						"0.0": [0, 0, 0],
						"0.125": [-7.5, 0, 0],
						"0.25": [0, 0, 0]
					}
				},
				"Seg3": {
					"rotation": {
						"0.0": [0, 0, 0],
						"0.125": [-12.5, 0, 0],
						"0.25": [0, 0, 0]
					}
				},
				"Seg4": {
					"rotation": {
						"0.0": [0, 0, 0],
						"0.125": [-10, 0, 0],
						"0.25": [0, 0, 0]
					}
				},
				"Head": {
					"rotation": {
						"0.0": [0, 0, 0],
						"0.125": [-10, 0, 0],
						"0.25": [0, 0, 0]
					}
				},
				"Leg": {
					"rotation": {
						"0.0": [0, 0, 0],
						"0.0417": [25.13074, -12.95254, -30.86748],
						"0.0833": [28.07505, -0.44174, -55.57917],
						"0.125": [-11.20674, 4.12592, -83.53031],
						"0.1667": [-15.94592, 8.46068, -8.75116],
						"0.2083": [0, 0, 0]
					}
				},
				"Leg2": {
					"rotation": {
						"0.0417": [0, 0, 0],
						"0.0833": [14.05408, 8.46068, -8.75116],
						"0.125": [1.65608, 11.81918, 44.54613],
						"0.1667": [-20.05824, -18.41564, 64.63023],
						"0.2083": [-4.47626, -27.74785, 43.13741],
						"0.25": [0, 0, 0]
					}
				},
				"Leg3": {
					"rotation": {
						"0.0": [0, 0, 0],
						"0.0417": [-4.47626, -27.74785, 43.13741],
						"0.0833": [-20.05824, -18.41564, 64.63023],
						"0.125": [5.64079, 10.53269, 64.89505],
						"0.1667": [16.09979, 7.0867, -7.97037],
						"0.2083": [0, 0, 0]
					}
				},
				"Leg4": {
					"rotation": {
						"0.0417": [0, 0, 0],
						"0.0833": [-15.94592, 8.46068, -8.75116],
						"0.125": [-11.92495, -0.44174, -15.5792],
						"0.1667": [28.07505, -0.44174, -55.57917],
						"0.2083": [25.13074, -12.95254, -30.86748],
						"0.25": [0, 0, 0]
					}
				}
			}
		}
	},
	"geckolib_format_version": 2
}