{
	"format_version": "1.8.0",
	"animations": {
		"animation.creepwyrm.idle": {
			"loop": true,
			"animation_length": 16,
			"bones": {
				"Creepbulb": {
					"scale": {
						"0.0": [1, 1, 1],
						"2.875": [1, 1.08, 1],
						"5.5833": [1, 0.98, 1],
						"8.0": [1, 1, 1],
						"10.7917": [1, 1.08, 1],
						"13.5": [1, 0.98, 1],
						"15.9167": [1, 1, 1]
					}
				},
				"Neck": {
					"rotation": {
						"0.0": [0, 0, 0],
						"2.6667": [90, 5, -90],
						"3.7917": [89.99998, 5.5, -89.99998],
						"4.4167": [89.99999, 4.5, -89.99999],
						"5.1667": [89.99996, 3, -89.99996],
						"8.0": [0, 0, 0],
						"10.6667": [90, 5, -90],
						"11.7917": [89.99998, 5.5, -89.99998],
						"12.4167": [89.99999, 4.5, -89.99999],
						"14.5833": [89.99998, 5.7619, -89.99998],
						"16.0": [0, 0, 0]
					}
				},
				"Midneck": {
					"rotation": {
						"0.0": [0, 0, 0],
						"1.25": [0, 0, 0],
						"3.2917": [0, 0, 2.5],
						"4.4167": [0, 0, 10],
						"5.2083": [0, 0, 21.33117],
						"6.25": [0, 0, 13.78507],
						"7.625": [0, 0, -0.81579],
						"8.0": [0, 0, 0],
						"9.25": [0, 0, 0],
						"11.2917": [0, 0, 2.5],
						"12.4167": [2.5, 0, 10],
						"13.2083": [-2.5, 0, 18.83117],
						"14.25": [-2.5, 0, 13.78507],
						"15.625": [0, 0, -0.81579],
						"16.0": [0, 0, 0]
					}
				},
				"Head": {
					"rotation": {
						"0.0": [0, 0, 0],
						"1.4167": [0, 0, 0],
						"2.1667": [5, 0, 0],
						"2.2083": [-7.53571, 0, 0],
						"2.25": [5, 0, 0],
						"2.2917": [-7.53571, 0, 0],
						"2.3333": [5, 0, 0],
						"2.375": [-7.53571, 0, 0],
						"3.375": [0, 0, 0],
						"7.9583": [0, 0, 0],
						"8.0": [0, 0, 0],
						"9.375": [0, -2.5, 0],
						"11.3333": [0, 5, 0],
						"13.8333": [0, -2.5, 0],
						"15.9583": [0, 0, 0]
					}
				},
				"Mouth": {
					"rotation": {
						"0.0": [0, 0, 0],
						"1.7083": [0, 0, 5.65],
						"2.75": [0, 0, 9.35],
						"3.1667": [0, 0, 7.35],
						"4.625": [0, 0, -5],
						"5.875": [0, 0, -17.5],
						"5.9167": [0, 0, -19.5],
						"5.9583": [0, 0, -17.5],
						"6.0": [0, 0, -19.5],
						"6.0417": [0, 0, -17.5],
						"6.0833": [0, 0, -19.5],
						"6.7083": [0, 0, -7.5],
						"7.875": [0, 0, 0],
						"8.2917": [0, 0, 0],
						"10.0": [0, 0, 5.65],
						"11.0417": [0, 0, 9.35],
						"11.4583": [0, 0, 7.35],
						"12.9167": [0, 0, -5],
						"15.9167": [0, 0, 0]
					}
				}
			}
		},
		"animation.creepwyrm.summon": {
			"animation_length": 4.08333,
			"bones": {
				"Neck": {
					"rotation": {
						"0.0": [0, 0, 0],
						"0.4583": [-89.55908, 19.98812, 92.38194],
						"1.2917": [-89.56, 19.99, 92.38],
						"1.7083": [0, 0, 0],
						"1.9583": [97.26973, 15.4306, -98.04993],
						"2.5417": [97.26973, 15.4306, -98.04993],
						"3.0833": [97.26973, 15.4306, -98.04993],
						"4.0417": [0, 0, 0]
					}
				},
				"Midneck": {
					"rotation": {
						"0.0": [0, 0, 0],
						"0.625": [0, 0, 35],
						"1.4167": [0, 0, 15],
						"2.1667": [0, 0, -27.5],
						"2.5": [0, 0, -27.5],
						"3.5": [0, 0, 15],
						"3.8333": [0, 0, 0]
					}
				},
				"Head": {
					"rotation": {
						"0.0": [0, 0, 0],
						"1.25": [0, 0, 22.5],
						"2.0833": [0, 0, 72.5],
						"2.6667": [0, 0, 72.5],
						"3.9583": [0, 0, 0]
					}
				},
				"Mouth": {
					"rotation": {
						"0.0": [0, 0, 0],
						"1.2083": [0, 0, -2.5],
						"1.25": [0, 0, 0],
						"1.2917": [0, 0, -2.5],
						"1.3333": [0, 0, 0],
						"1.375": [0, 0, -2.5],
						"1.4167": [0, 0, 0],
						"1.4583": [0, 0, -2.5],
						"1.5": [0, 0, 0],
						"1.7917": [0, 0, -70],
						"1.9167": [0, 0, -87.5],
						"1.9583": [0, 0, -90],
						"2.0": [0, 0, -87.5],
						"2.0417": [0, 0, -90],
						"2.0833": [0, 0, -87.5],
						"2.125": [0, 0, -90],
						"2.1667": [0, 0, -87.5],
						"2.2083": [0, 0, -90],
						"2.25": [0, 0, -87.5],
						"2.2917": [0, 0, -90],
						"2.3333": [0, 0, -87.5],
						"2.375": [0, 0, -90],
						"2.4167": [0, 0, -87.5],
						"2.4583": [0, 0, -90],
						"2.5": [0, 0, -87.5],
						"2.5417": [0, 0, -90],
						"2.5833": [0, 0, -87.5],
						"2.625": [0, 0, -90],
						"2.6667": [0, 0, -87.5],
						"2.7083": [0, 0, -90],
						"2.75": [0, 0, -87.5],
						"2.7917": [0, 0, -90],
						"2.8333": [0, 0, -87.5],
						"2.875": [0, 0, -90],
						"3.125": [0, 0, 0]
					}
				}
			},
			"sound_effects": {
				"0.0": {
					"effect": "creepwyrmscream"
				}
			}
		}
	}
}