{
	"format_version": "1.8.0",
	"animations": {
		"animation.creepwyrm.idle": {
			"loop": true,
			"animation_length": 6,
			"bones": {
				"Mouth1": {
					"rotation": {
						"1.5833": {
							"vector": [0, 0, 0]
						},
						"1.7917": {
							"vector": [4.98107, -0.43523, 4.98107]
						},
						"1.9583": {
							"vector": [0, 0, 0]
						},
						"2.1667": {
							"vector": [4.98107, -0.43523, 4.98107]
						},
						"2.3333": {
							"vector": [0, 0, 0]
						},
						"3.7083": {
							"vector": [0, 0, 0]
						},
						"3.9167": {
							"vector": [4.98107, -0.43523, 4.98107]
						},
						"4.0833": {
							"vector": [0, 0, 0]
						},
						"4.2917": {
							"vector": [4.98107, -0.43523, 4.98107]
						},
						"4.4583": {
							"vector": [0, 0, 0]
						}
					}
				},
				"Mouth2": {
					"rotation": {
						"1.625": {
							"vector": [0, 0, 0]
						},
						"1.8333": {
							"vector": [-4.98107, -0.43523, -4.98107]
						},
						"2.0": {
							"vector": [0, 0, 0]
						},
						"2.2083": {
							"vector": [-4.98107, -0.43523, -4.98107]
						},
						"2.375": {
							"vector": [0, 0, 0]
						},
						"3.75": {
							"vector": [0, 0, 0]
						},
						"3.9583": {
							"vector": [-4.98107, -0.43523, -4.98107]
						},
						"4.125": {
							"vector": [0, 0, 0]
						},
						"4.3333": {
							"vector": [-4.98107, -0.43523, -4.98107]
						},
						"4.5": {
							"vector": [0, 0, 0]
						}
					}
				},
				"Mouth3": {
					"rotation": {
						"1.5": {
							"vector": [0, 0, 0]
						},
						"1.7083": {
							"vector": [4.98107, 0.43523, -4.98107]
						},
						"1.875": {
							"vector": [0, 0, 0]
						},
						"2.0833": {
							"vector": [4.98107, 0.43523, -4.98107]
						},
						"2.25": {
							"vector": [0, 0, 0]
						},
						"3.625": {
							"vector": [0, 0, 0]
						},
						"3.8333": {
							"vector": [4.98107, 0.43523, -4.98107]
						},
						"4.0": {
							"vector": [0, 0, 0]
						},
						"4.2083": {
							"vector": [4.98107, 0.43523, -4.98107]
						},
						"4.375": {
							"vector": [0, 0, 0]
						}
					}
				},
				"Mouth4": {
					"rotation": {
						"1.5417": {
							"vector": [0, 0, 0]
						},
						"1.75": {
							"vector": [-4.98107, 0.43523, 4.98107]
						},
						"1.9167": {
							"vector": [0, 0, 0]
						},
						"2.125": {
							"vector": [-4.98107, 0.43523, 4.98107]
						},
						"2.2917": {
							"vector": [0, 0, 0]
						},
						"3.6667": {
							"vector": [0, 0, 0]
						},
						"3.875": {
							"vector": [-4.98107, 0.43523, 4.98107]
						},
						"4.0417": {
							"vector": [0, 0, 0]
						},
						"4.25": {
							"vector": [-4.98107, 0.43523, 4.98107]
						},
						"4.4167": {
							"vector": [0, 0, 0]
						}
					}
				},
				"Neck1": {
					"rotation": {
						"0.0": {
							"vector": [0, 0, 0]
						},
						"2.5417": {
							"vector": [-2.50238, -2.49762, 0.10912],
							"easing": "easeInElastic"
						},
						"6.0": {
							"vector": [0, 0, 0],
							"easing": "easeInOutQuart"
						}
					}
				},
				"Neck2": {
					"rotation": {
						"0.0": {
							"vector": [0, 0, 0]
						},
						"2.8333": {
							"vector": [-2.50238, 2.49762, -0.10912],
							"easing": "easeInElastic"
						},
						"6.0": {
							"vector": [0, 0, 0],
							"easing": "easeInOutQuart"
						}
					}
				},
				"Neck3": {
					"rotation": {
						"0.0": {
							"vector": [0, 0, 0]
						},
						"3.0": {
							"vector": [-2.50238, -2.49762, 0.10912],
							"easing": "easeInElastic"
						},
						"6.0": {
							"vector": [0, 0, 0],
							"easing": "easeInOutQuart"
						}
					}
				},
				"Neck4": {
					"rotation": {
						"0.0": {
							"vector": [0, 0, 0]
						},
						"3.25": {
							"vector": [-5.00474, 2.49048, -0.21803],
							"easing": "easeInElastic"
						},
						"6.0": {
							"vector": [0, 0, 0],
							"easing": "easeInOutQuart"
						}
					}
				},
				"Neck5": {
					"rotation": {
						"0.0": {
							"vector": [0, 0, 0]
						},
						"3.5": {
							"vector": [-5.00474, 2.49048, -0.21803],
							"easing": "easeInElastic"
						},
						"6.0": {
							"vector": [0, 0, 0],
							"easing": "easeInOutQuart"
						}
					}
				}
			}
		},
		"animation.creepwyrm.summon": {
			"animation_length": 3.41667,
			"bones": {
				"Mouth1": {
					"rotation": {
						"0.5": {
							"vector": [0, 0, 0]
						},
						"1.5833": {
							"vector": [2.5, 0, -2.5],
							"easing": "easeInQuart"
						},
						"1.875": {
							"vector": [-29.49438, 18.70345, 33.82437]
						},
						"1.9583": {
							"vector": [-31.22886, 19.9199, 36.13875]
						},
						"2.0417": {
							"vector": [-29.49438, 18.70345, 33.82437]
						},
						"2.125": {
							"vector": [-31.22886, 19.9199, 36.13875]
						},
						"2.2083": {
							"vector": [-29.49438, 18.70345, 33.82437]
						},
						"2.2917": {
							"vector": [-31.22886, 19.9199, 36.13875]
						},
						"2.375": {
							"vector": [-29.49438, 18.70345, 33.82437]
						},
						"2.4583": {
							"vector": [-31.22886, 19.9199, 36.13875]
						},
						"2.5417": {
							"vector": [-29.49438, 18.70345, 33.82437]
						},
						"2.625": {
							"vector": [-31.22886, 19.9199, 36.13875]
						},
						"2.9167": {
							"vector": [0, 0, 0],
							"easing": "easeInOutBack"
						}
					}
				},
				"Mouth2": {
					"rotation": {
						"0.5": {
							"vector": [0, 0, 0]
						},
						"1.5833": {
							"vector": [-2.5, 0, 2.5],
							"easing": "easeInQuart"
						},
						"1.875": {
							"vector": [29.49438, 18.70345, -33.82437]
						},
						"1.9583": {
							"vector": [31.22886, 19.9199, -36.13875]
						},
						"2.0417": {
							"vector": [29.49438, 18.70345, -33.82437]
						},
						"2.125": {
							"vector": [31.22886, 19.9199, -36.13875]
						},
						"2.2083": {
							"vector": [29.49438, 18.70345, -33.82437]
						},
						"2.2917": {
							"vector": [31.22886, 19.9199, -36.13875]
						},
						"2.375": {
							"vector": [29.49438, 18.70345, -33.82437]
						},
						"2.4583": {
							"vector": [31.22886, 19.9199, -36.13875]
						},
						"2.5417": {
							"vector": [29.49438, 18.70345, -33.82437]
						},
						"2.625": {
							"vector": [31.22886, 19.9199, -36.13875]
						},
						"2.9167": {
							"vector": [0, 0, 0],
							"easing": "easeInOutBack"
						}
					}
				},
				"Mouth3": {
					"rotation": {
						"0.5": {
							"vector": [0, 0, 0]
						},
						"1.5833": {
							"vector": [-2.5, 0, -2.5],
							"easing": "easeInQuart"
						},
						"1.875": {
							"vector": [29.49438, -18.70345, 33.82437]
						},
						"1.9583": {
							"vector": [31.22886, -19.9199, 36.13875]
						},
						"2.0417": {
							"vector": [29.49438, -18.70345, 33.82437]
						},
						"2.125": {
							"vector": [31.22886, -19.9199, 36.13875]
						},
						"2.2083": {
							"vector": [29.49438, -18.70345, 33.82437]
						},
						"2.2917": {
							"vector": [31.22886, -19.9199, 36.13875]
						},
						"2.375": {
							"vector": [29.49438, -18.70345, 33.82437]
						},
						"2.4583": {
							"vector": [31.22886, -19.9199, 36.13875]
						},
						"2.5417": {
							"vector": [29.49438, -18.70345, 33.82437]
						},
						"2.625": {
							"vector": [31.22886, -19.9199, 36.13875]
						},
						"2.9167": {
							"vector": [0, 0, 0],
							"easing": "easeInOutBack"
						}
					}
				},
				"Mouth4": {
					"rotation": {
						"0.5": {
							"vector": [0, 0, 0]
						},
						"1.5833": {
							"vector": [2.5, 0, 2.5],
							"easing": "easeInQuart"
						},
						"1.875": {
							"vector": [-29.49438, -18.70345, -33.82437]
						},
						"1.9583": {
							"vector": [-31.22886, -19.9199, -36.13875]
						},
						"2.0417": {
							"vector": [-29.49438, -18.70345, -33.82437]
						},
						"2.125": {
							"vector": [-31.22886, -19.9199, -36.13875]
						},
						"2.2083": {
							"vector": [-29.49438, -18.70345, -33.82437]
						},