{
	"format_version": "1.8.0",
	"animations": {
		"animation.wyrmrover.idle": {
			"loop": true,
			"animation_length": 12,
			"blend_weight": "3",
			"bones": {
				"Body": {
					"rotation": {
						"0.0": [0, 0, 0],
						"1.375": [0.5, 0, 0],
						"4.0": [0, 0, 0],
						"5.375": [0.5, 0, 0],
						"8.0": [0, 0, 0],
						"9.375": [0.5, 0, 0],
						"12.0": [0, 0, 0]
					},
					"position": {
						"0.0": [0, 0, 0],
						"1.875": [0, -0.2, 0],
						"2.2083": [0, -0.27, 0],
						"4.0": [0, 0, 0],
						"5.875": [0, -0.2, 0],
						"6.2083": [0, -0.27, 0],
						"8.0": [0, 0, 0],
						"9.875": [0, -0.2, 0],
						"10.2083": [0, -0.27, 0],
						"12.0": [0, 0, 0]
					}
				},
				"Head": {
					"rotation": {
						"0.0": [0, 0, 0],
						"1.0833": [-0.01565, 2.38422, -0.7522],
						"1.6667": [-0.3, 0.16, -0.6],
						"2.2917": [-0.23, -0.49, 1],
						"2.9583": [-0.01565, -2.5842, 0.7522],
						"4.0": [0, 0, 0],
						"6.0": [-0.23, -0.49, 1],
						"8.0": [0, 0, 0],
						"9.75": [-0.3, 0.16, -1],
						"12.0": [0, 0, 0]
					},
					"position": {
						"0.0": [0, 0, 0],
						"1.875": [0, -0.4, 0],
						"2.375": [0, -0.54, 0],
						"4.0": [0, 0, 0],
						"5.875": [0, -0.4, 0],
						"6.375": [0, -0.54, 0],
						"8.0": [0, 0, 0],
						"9.875": [0, -0.4, 0],
						"10.375": [0, -0.54, 0],
						"12.0": [0, 0, 0]
					}
				},
				"Jaw": {
					"rotation": {
						"0.0": [0, 0, 0],
						"0.2917": [-1, 0, 0],
						"0.6667": [0, 0, 0],
						"1.875": [2.5, 0, 0],
						"2.4167": [2, 0, 0],
						"4.0": [0, 0, 0],
						"4.2917": [-1, 0, 0],
						"4.6667": [0, 0, 0],
						"5.875": [2.5, 0, 0],
						"6.4167": [2, 0, 0],
						"8.0": [0, 0, 0],
						"8.2917": [-1, 0, 0],
						"8.6667": [0, 0, 0],
						"9.875": [2.5, 0, 0],
						"10.4167": [2, 0, 0],
						"12.0": [0, 0, 0]
					}
				},
				"mainantennae": {
					"rotation": {
						"0.0": [0, 0, 0],
						"1.8333": [-10, 0, 0],
						"2.1667": [-11, 0, 0],
						"3.5833": [2.5, 0, 0],
						"4.0": [0, 0, 0],
						"5.8333": [-10, 0, 0],
						"6.1667": [-11, 0, 0],
						"7.5833": [2.5, 0, 0],
						"8.0": [0, 0, 0],
						"9.8333": [-10, 0, 0],
						"10.1667": [-11, 0, 0],
						"11.5833": [2.5, 0, 0],
						"12.0": [0, 0, 0]
					}
				},
				"sideantennae": {
					"rotation": {
						"0.0": [0, 0, 0],
						"1.8333": [10, 0, 0],
						"2.1667": [11, 0, 0],
						"3.5833": [2.5, 0, 0],
						"4.0": [0, 0, 0],
						"5.8333": [10, 0, 0],
						"6.1667": [11, 0, 0],
						"7.5833": [2.5, 0, 0],
						"8.0": [0, 0, 0],
						"9.8333": [10, 0, 0],
						"10.1667": [11, 0, 0],
						"11.5833": [2.5, 0, 0],
						"12.0": [0, 0, 0]
					}
				}
			}
		},
		"animation.wyrmrover.move": {
			"loop": true,
			"animation_length": 1.5,
			"blend_weight": "2",
			"bones": {
				"Body": {
					"position": {
						"0.0": [0, 0, 0],
						"0.7917": [0, -0.4, 0],
						"1.5": [0, 0, 0]
					}
				},
				"Head": {
					"rotation": {
						"0.0": [0, 0, 0],
						"0.7917": [2, 0, 0],
						"1.5": [0, 0, 0]
					},
					"position": {
						"0.0": [0, 0, 0],
						"0.1667": [0, 0, 0],
						"0.4167": [0, -0.3, 0],
						"0.9583": [0, -0.6, 0],
						"1.0833": [0, -0.6, 0],
						"1.5": [0, 0, 0]
					}
				},
				"Jaw": {
					"rotation": {
						"0.0": [0, 0, 0],
						"0.7083": [-1, 0, 0],
						"1.5": [0, 0, 0]
					}
				},
				"Leg1": {
					"rotation": {
						"0.0": [0, 0, 0],
						"0.0417": [0, 17.5, -20],
						"0.0833": [0, 17.5, 0],
						"0.125": [0, 0, 0],
						"0.25": [0, 0, 0],
						"0.2917": [0, 17.5, -20],
						"0.3333": [0, 17.5, 0],
						"0.375": [0, 0, 0],
						"0.5": [0, 0, 0],
						"0.5417": [0, 17.5, -20],
						"0.5833": [0, 17.5, 0],
						"0.625": [0, 0, 0],
						"0.75": [0, 0, 0],
						"0.7917": [0, 17.5, -20],
						"0.8333": [0, 17.5, 0],
						"0.875": [0, 0, 0],
						"1.0": [0, 0, 0],
						"1.0417": [0, 17.5, -20],
						"1.0833": [0, 17.5, 0],
						"1.125": [0, 0, 0],
						"1.25": [0, 0, 0],
						"1.2917": [0, 17.5, -20],
						"1.3333": [0, 17.5, 0],
						"1.375": [0, 0, 0]
					}
				},
				"Leg2": {
					"rotation": {
						"0.0417": [0, 0, 0],
						"0.0833": [0, 17.5, -20],
						"0.125": [0, 17.5, 0],
						"0.1667": [0, 0, 0],
						"0.2917": [0, 0, 0],
						"0.3333": [0, 17.5, -20],
						"0.375": [0, 17.5, 0],
						"0.4167": [0, 0, 0],
						"0.5417": [0, 0, 0],
						"0.5833": [0, 17.5, -20],
						"0.625": [0, 17.5, 0],
						"0.6667": [0, 0, 0],
						"0.7917": [0, 0, 0],
						"0.8333": [0, 17.5, -20],
						"0.875": [0, 17.5, 0],
						"0.9167": [0, 0, 0],
						"1.0417": [0, 0, 0],
						"1.0833": [0, 17.5, -20],
						"1.125": [0, 17.5, 0],
						"1.1667": [0, 0, 0],
						"1.2917": [0, 0, 0],
						"1.3333": [0, 17.5, -20],
						"1.375": [0, 17.5, 0],
						"1.4167": [0, 0, 0]
					}
				},
				"Leg3": {
					"rotation": {
						"0.0": [0, 0, 0],
						"0.125": [0, 0, 0],
						"0.1667": [0, 17.5, -20],
						"0.2083": [0, 17.5, 0],
						"0.25": [0, 0, 0],
						"0.375": [0, 0, 0],
						"0.4167": [0, 17.5, -20],
						"0.4583": [0, 17.5, 0],
						"0.5": [0, 0, 0],
						"0.625": [0, 0, 0],
						"0.6667": [0, 17.5, -20],
						"0.7083": [0, 17.5, 0],
						"0.75": [0, 0, 0],
						"0.875": [0, 0, 0],
						"0.9167": [0, 17.5, -20],
						"0.9583": [0, 17.5, 0],
						"1.0": [0, 0, 0],
						"1.125": [0, 0, 0],
						"1.1667": [0, 17.5, -20],
						"1.2083": [0, 17.5, 0],
						"1.25": [0, 0, 0],
						"1.375": [0, 0, 0],
						"1.4167": [0, 17.5, -20],
						"1.4583": [0, 17.5, 0],
						"1.5": [0, 0, 0]
					}
				},
				"Leg4": {
					"rotation": {
						"0.0": [0, 0, 0],
						"0.0833": [0, 0, 0],
						"0.125": [0, 17.5, -20],
						"0.1667": [0, 17.5, 0],
						"0.2083": [0, 0, 0],
						"0.3333": [0, 0, 0],
						"0.375": [0, 17.5, -20],
						"0.4167": [0, 17.5, 0],
						"0.4583": [0, 0, 0],
						"0.5833": [0, 0, 0],
						"0.625": [0, 17.5, -20],
						"0.6667": [0, 17.5, 0],
						"0.7083": [0, 0, 0],
						"0.75": [0, 0, 0],
						"0.8333": [0, 0, 0],
						"0.875": [0, 17.5, -20],
						"0.9167": [0, 17.5, 0],
						"0.9583": [0, 0, 0],
						"1.0833": [0, 0, 0],
						"1.125": [0, 17.5, -20],
						"1.1667": [0, 17.5, 0],
						"1.2083": [0, 0, 0],
						"1.3333": [0, 0, 0],
						"1.375": [0, 17.5, -20],
						"1.4167": [0, 17.5, 0],
						"1.4583": [0, 0, 0]
					}
				},
				"Leg5": {
					"rotation": {
						"0.0417": [0, 0, 0],
						"0.0833": [0, 17.5, -20],
						"0.125": [0, 17.5, 0],
						"0.1667": [0, 0, 0],
						"0.2917": [0, 0, 0],
						"0.3333": [0, 17.5, -20],
						"0.375": [0, 17.5, 0],
						"0.4167": [0, 0, 0],
						"0.5417": [0, 0, 0],
						"0.5833": [0, 17.5, -20],
						"0.625": [0, 17.5, 0],
						"0.6667": [0, 0, 0],
						"0.7917": [0, 0, 0],
						"0.8333": [0, 17.5, -20],
						"0.875": [0, 17.5, 0],
						"0.9167": [0, 0, 0],
						"1.0417": [0, 0, 0],
						"1.0833": [0, 17.5, -20],
						"1.125": [0, 17.5, 0],
						"1.1667": [0, 0, 0],
						"1.2917": [0, 0, 0],
						"1.3333": [0, 17.5, -20],
						"1.375": [0, 17.5, 0],
						"1.4167": [0, 0, 0]
					}
				},
				"Leg6": {
					"rotation": {
						"0.0": [0, 0, 0],
						"0.0417": [0, 17.5, -20],
						"0.0833": [0, 17.5, 0],
						"0.125": [0, 0, 0],
						"0.25": [0, 0, 0],
						"0.2917": [0, 17.5, -20],
						"0.3333": [0, 17.5, 0],
						"0.375": [0, 0, 0],
						"0.5": [0, 0, 0],
						"0.5417": [0, 17.5, -20],
						"0.5833": [0, 17.5, 0],
						"0.625": [0, 0, 0],
						"0.75": [0, 0, 0],
						"0.7917": [0, 17.5, -20],
						"0.8333": [0, 17.5, 0],
						"0.875": [0, 0, 0],
						"1.0": [0, 0, 0],
						"1.0417": [0, 17.5, -20],
						"1.0833": [0, 17.5, 0],
						"1.125": [0, 0, 0],
						"1.25": [0, 0, 0],
						"1.2917": [0, 17.5, -20],
						"1.3333": [0, 17.5, 0],
						"1.375": [0, 0, 0]
					}
				}
			}
		}
	},
	"geckolib_format_version": 2
}