{
	"format_version": "1.8.0",
	"animations": {
		"animation.wyrmworker.moving": {
			"loop": true,
			"animation_length": 1.33333,
			"bones": {
				"Neck": {
					"rotation": {
						"0.0": [0, 0, 0],
						"0.5417": [7.5, 0, 0],
						"0.7083": [11.61765, 0, 0],
						"1.3333": [0, 0, 0]
					},
					"position": {
						"0.0": [0, 0, 0],
						"0.4583": [0, 0, -0.9],
						"1.3333": [0, 0, 0]
					}
				},
				"cube_r4": {
					"position": {
						"0.375": [0, 0, 0],
						"0.625": [0, -0.3, 0],
						"0.8333": [0, 0, 0]
					}
				},
				"Body": {
					"rotation": {
						"0.0": [0, 0, 0],
						"0.7083": [2.5, 0, 0],
						"1.3333": [0, 0, 0]
					},
					"position": {
						"0.0": [0, 0, 0],
						"0.4583": [0, 0.4, 0],
						"0.9167": [0, -0.4, 0],
						"1.3333": [0, 0, 0]
					}
				},
				"Tail": {
					"rotation": {
						"0.0": [0, 0, 0],
						"0.1667": [0, -12.5, 0],
						"0.3333": [0, -27.5, 0],
						"0.5": [0, -7.5, 0],
						"0.7917": [0, 27.5, 0],
						"0.9583": [0, 45, 0],
						"1.125": [0, 30, 0],
						"1.3333": [0, 0, 0]
					},
					"position": {
						"0.0": [0, 0, 0],
						"1.3333": [0, 0, 0]
					}
				},
				"TailMid": {
					"rotation": {
						"0.0": [0, 0, 0],
						"0.125": [0, -17.5, 0],
						"0.3333": [0, -30, 0],
						"0.625": [0, 0, 0],
						"0.9583": [0, 35, 0],
						"1.125": [0, 29.44, 0],
						"1.3333": [0, 0, 0]
					}
				},
				"LegBackL": {
					"rotation": {
						"0.0": [0, 0, 0],
						"0.0417": [-15.67872, 22.99279, -35.04854],
						"0.0833": [-3.95051, -20.5542, -33.82264],
						"0.125": [-2.94786, -25.70525, 12.27868],
						"0.1667": [0.62269, -10.85494, 4.12906],
						"0.2083": [0, 0, 0],
						"0.3333": [0, 0, 0],
						"0.375": [-15.67872, 22.99279, -35.04854],
						"0.4167": [-3.95051, -20.5542, -33.82264],
						"0.4583": [-2.94786, -25.70525, 12.27868],
						"0.5": [0.62269, -10.85494, 4.12906],
						"0.5417": [0, 0, 0],
						"0.6667": [0, 0, 0],
						"0.7083": [-15.67872, 22.99279, -35.04854],
						"0.75": [-3.95051, -20.5542, -33.82264],
						"0.7917": [-2.94786, -25.70525, 12.27868],
						"0.8333": [0.62269, -10.85494, 4.12906],
						"0.875": [0, 0, 0],
						"1.0": [0, 0, 0],
						"1.0417": [-15.67872, 22.99279, -35.04854],
						"1.0833": [-3.95051, -20.5542, -33.82264],
						"1.125": [-2.94786, -25.70525, 12.27868],
						"1.1667": [0.62269, -10.85494, 4.12906],
						"1.2083": [0, 0, 0]
					},
					"position": {
						"0.0": [0, 0, 0],
						"0.0833": [0, 0.2, 0],
						"0.2083": [0, 0, 0],
						"0.3333": [0, 0, 0],
						"0.4167": [0, 0.2, 0],
						"0.5417": [0, 0, 0],
						"0.6667": [0, 0, 0],
						"0.75": [0, 0.2, 0],
						"0.875": [0, 0, 0],
						"1.0": [0, 0, 0],
						"1.0833": [0, 0.2, 0],
						"1.2083": [0, 0, 0]
					}
				},
				"LegFrontL": {
					"rotation": {
						"0.125": [0, 0, 0],
						"0.1667": [-15.67872, 22.99279, -35.04854],
						"0.2083": [-3.95051, -20.5542, -33.82264],
						"0.25": [-2.94786, -25.70525, 12.27868],
						"0.2917": [0.62269, -10.85494, 4.12906],
						"0.3333": [0, 0, 0],
						"0.4583": [0, 0, 0],
						"0.5": [-15.67872, 22.99279, -35.04854],
						"0.5417": [-3.95051, -20.5542, -33.82264],
						"0.5833": [-2.94786, -25.70525, 12.27868],
						"0.625": [0.62269, -10.85494, 4.12906],
						"0.6667": [0, 0, 0],
						"0.7917": [0, 0, 0],
						"0.8333": [-15.67872, 22.99279, -35.04854],
						"0.875": [-3.95051, -20.5542, -33.82264],
						"0.9167": [-2.94786, -25.70525, 12.27868],
						"0.9583": [0.62269, -10.85494, 4.12906],
						"1.0": [0, 0, 0],
						"1.125": [0, 0, 0],
						"1.1667": [-15.67872, 22.99279, -35.04854],
						"1.2083": [-3.95051, -20.5542, -33.82264],
						"1.25": [-2.94786, -25.70525, 12.27868],
						"1.2917": [0.62269, -10.85494, 4.12906],
						"1.3333": [0, 0, 0]
					},
					"position": {
						"0.125": [0, 0, 0],
						"0.2083": [0, 0.2, 0],
						"0.3333": [0, 0, 0],
						"0.4583": [0, 0, 0],
						"0.5417": [0, 0.2, 0],
						"0.6667": [0, 0, 0],
						"0.7917": [0, 0, 0],
						"0.875": [0, 0.2, 0],
						"1.0": [0, 0, 0],
						"1.125": [0, 0, 0],
						"1.2083": [0, 0.2, 0],
						"1.3333": [0, 0, 0]
					}
				},
				"LegBackR": {
					"rotation": {
						"0.125": [0, 0, 0],
						"0.1667": [-13.97619, -1.92894, 36.85936],
						"0.2083": [-15.01598, -21.30528, 41.9461],
						"0.25": [-2.94786, -25.70525, 12.27868],
						"0.2917": [0.65442, -20.85432, 4.01335],
						"0.3333": [0, 0, 0],
						"0.4583": [0, 0, 0],
						"0.5": [-13.97619, -1.92894, 36.85936],
						"0.5417": [-15.01598, -21.30528, 41.9461],
						"0.5833": [-2.94786, -25.70525, 12.27868],
						"0.625": [0.65442, -20.85432, 4.01335],
						"0.6667": [0, 0, 0],
						"0.7917": [0, 0, 0],
						"0.8333": [-13.97619, -1.92894, 36.85936],
						"0.875": [-15.01598, -21.30528, 41.9461],
						"0.9167": [-2.94786, -25.70525, 12.27868],
						"0.9583": [0.65442, -20.85432, 4.01335],
						"1.0": [0, 0, 0],
						"1.125": [0, 0, 0],
						"1.1667": [-13.97619, -1.92894, 36.85936],
						"1.2083": [-15.01598, -21.30528, 41.9461],
						"1.25": [-2.94786, -25.70525, 12.27868],
						"1.2917": [0.65442, -20.85432, 4.01335],
						"1.3333": [0, 0, 0]
					},
					"position": {
						"0.125": [0, 0, 0],
						"0.25": [0, 0.2, 0],
						"0.3333": [0, 0, 0],
						"0.4583": [0, 0, 0],
						"0.5833": [0, 0.2, 0],
						"0.6667": [0, 0, 0],
						"0.7917": [0, 0, 0],
						"0.9167": [0, 0.2, 0],
						"1.0": [0, 0, 0],
						"1.125": [0, 0, 0],
						"1.25": [0, 0.2, 0],
						"1.3333": [0, 0, 0]
					}
				},
				"LegFrontR": {
					"rotation": {
						"0.0": [0, 0, 0],
						"0.0417": [-13.97619, -1.92894, 36.85936],
						"0.0833": [-15.01598, -21.30528, 41.9461],
						"0.125": [-2.94786, -25.70525, 12.27868],
						"0.1667": [0.65442, -20.85432, 4.01335],
						"0.2083": [0, 0, 0],
						"0.3333": [0, 0, 0],
						"0.375": [-13.97619, -1.92894, 36.85936],
						"0.4167": [-15.01598, -21.30528, 41.9461],
						"0.4583": [-2.94786, -25.70525, 12.27868],
						"0.5": [0.65442, -20.85432, 4.01335],
						"0.5417": [0, 0, 0],
						"0.6667": [0, 0, 0],
						"0.7083": [-13.97619, -1.92894, 36.85936],
						"0.75": [-15.01598, -21.30528, 41.9461],
						"0.7917": [-2.94786, -25.70525, 12.27868],
						"0.8333": [0.65442, -20.85432, 4.01335],
						"0.875": [0, 0, 0],
						"1.0": [0, 0, 0],
						"1.0417": [-13.97619, -1.92894, 36.85936],
						"1.0833": [-15.01598, -21.30528, 41.9461],
						"1.125": [-2.94786, -25.70525, 12.27868],
						"1.1667": [0.65442, -20.85432, 4.01335],
						"1.2083": [0, 0, 0]
					},
					"position": {
						"0.0": [0, 0, 0],
						"0.125": [0, 0.2, 0],
						"0.2083": [0, 0, 0],
						"0.3333": [0, 0, 0],
						"0.4583": [0, 0.2, 0],
						"0.5417": [0, 0, 0],
						"0.6667": [0, 0, 0],
						"0.7917": [0, 0.2, 0],
						"0.875": [0, 0, 0],
						"1.0": [0, 0, 0],
						"1.125": [0, 0.2, 0],
						"1.2083": [0, 0, 0]
					}
				}
			}
		}
	}
}